{
  "articles": [
    {
      "id": "1",
      "title": "Welcome to the Site",
      "author": "Mario",
      "image": "https://picsum.photos/id/357/1200/350",
      "body": "Lorem ipsum dolor sit amet consectetur adipisicing elit. Nisi, ullam eos dignissimos aperiam rerum qui suscipit cum nobis, totam ea tenetur perferendis praesentium corporis possimus ducimus et minima voluptatum. Numquam mollitia culpa consectetur unde illum est aut dicta eligendi vero molestias impedit sint, maiores saepe voluptas necessitatibus excepturi ducimus repudiandae, non quidem nobis veritatis! Libero neque, cumque illo est corrupti eaque recusandae ipsum, ut debitis vitae molestias deleniti voluptates distinctio sapiente autem. Tempore aperiam minima sit atque, tempora doloribus blanditiis id ipsum. Distinctio quos nisi, totam sunt ex voluptatum? Neque alias laborum ipsum doloremque fuga earum in autem. Hic alias omnis facilis facere eum assumenda deleniti ad, maiores laudantium temporibus odio non, molestiae dolorum! Quo mollitia ex sapiente maiores excepturi?"
    },
    {
      "id": "2",
      "title": "5 React Tips for Beginners",
      "author": "Luigi",
      "image": "https://picsum.photos/id/445/1200/350",
      "body": "Lorem ipsum dolor sit amet consectetur adipisicing elit. Nisi, ullam eos dignissimos aperiam rerum qui suscipit cum nobis, totam ea tenetur perferendis praesentium corporis possimus ducimus et minima voluptatum. Numquam mollitia culpa consectetur unde illum est aut dicta eligendi vero molestias impedit sint, maiores saepe voluptas necessitatibus excepturi ducimus repudiandae, non quidem nobis veritatis! Libero neque, cumque illo est corrupti eaque recusandae ipsum, ut debitis vitae molestias deleniti voluptates distinctio sapiente autem. Tempore aperiam minima sit atque, tempora doloribus blanditiis id ipsum. Distinctio quos nisi, totam sunt ex voluptatum? Neque alias laborum ipsum doloremque fuga earum in autem. Hic alias omnis facilis facere eum assumenda deleniti ad, maiores laudantium temporibus odio non, molestiae dolorum! Quo mollitia ex sapiente maiores excepturi?"
    },
    {
      "id": "3",
      "title": "VS Code Best Packages",
      "author": "Mario",
      "image": "https://picsum.photos/id/532/1200/350",
      "body": "Lorem ipsum dolor sit amet consectetur adipisicing elit. Nisi, ullam eos dignissimos aperiam rerum qui suscipit cum nobis, totam ea tenetur perferendis praesentium corporis possimus ducimus et minima voluptatum. Numquam mollitia culpa consectetur unde illum est aut dicta eligendi vero molestias impedit sint, maiores saepe voluptas necessitatibus excepturi ducimus repudiandae, non quidem nobis veritatis! Libero neque, cumque illo est corrupti eaque recusandae ipsum, ut debitis vitae molestias deleniti voluptates distinctio sapiente autem. Tempore aperiam minima sit atque, tempora doloribus blanditiis id ipsum. Distinctio quos nisi, totam sunt ex voluptatum? Neque alias laborum ipsum doloremque fuga earum in autem. Hic alias omnis facilis facere eum assumenda deleniti ad, maiores laudantium temporibus odio non, molestiae dolorum! Quo mollitia ex sapiente maiores excepturi?"
    }
  ]
}
